depth,width,dropout,residual,lr,weight_decay,lambda_e,lambda_eta,lambda_d,best_val_loss,val_mse_e,val_mse_eta,val_mse_d,best_epoch
2,64,0.0,False,0.001,0.0,1.0,1.0,1.0,0.057081576333277755,0.0023840376848561894,0.023147395656754572,0.03155014358667864,36
2,64,0.0,False,0.001,0.0,1.0,1.0,2.0,0.08335822489526537,0.0013907379341415232,0.022866328427982,0.029550579221298296,55
2,64,0.0,False,0.001,0.0001,1.0,1.0,1.0,0.05476415721285674,0.0013361817448943232,0.022822784984277353,0.030605190433561802,65
2,64,0.0,False,0.001,0.0001,1.0,1.0,2.0,0.08230785808215539,0.001681687226260288,0.022839162886763614,0.028893503981331985,89
2,64,0.0,False,0.001,0.001,1.0,1.0,1.0,0.05289934746300181,0.002018502816402664,0.021892022031048935,0.02898882215635644,154
2,64,0.0,False,0.001,0.001,1.0,1.0,2.0,0.07766805847899781,0.0016064931664408909,0.02200682761354579,0.02702736862314244,153
2,64,0.0,False,0.0003,0.0,1.0,1.0,1.0,0.05309964488777849,0.001010893223186334,0.022064399336361222,0.03002435201779008,149
2,64,0.0,False,0.0003,0.0,1.0,1.0,2.0,0.07860296354111698,0.0013092726294416934,0.021615652238122292,0.027839019221978054,214
2,64,0.0,False,0.0003,0.0001,1.0,1.0,1.0,0.051551849426080786,0.0009629036487442338,0.02160724366290702,0.02898170245397422,198
2,64,0.0,False,0.0003,0.0001,1.0,1.0,2.0,0.07807008363306522,0.001297756877546716,0.021841394947841763,0.02746546578903993,198
2,64,0.0,False,0.0003,0.001,1.0,1.0,1.0,0.05240484642692738,0.0013531669699457577,0.021919272038050823,0.029132407158613205,217
2,64,0.0,False,0.0003,0.001,1.0,1.0,2.0,0.07436412603904803,0.0012394186051096767,0.021057477505463693,0.026033614632777043,258
2,64,0.0,True,0.001,0.0,1.0,1.0,1.0,0.05279395936263932,0.0010707834509149608,0.023631162682755127,0.02809201330981321,77
2,64,0.0,True,0.001,0.0,1.0,1.0,2.0,0.08558663322279851,0.002501101617882442,0.02335208155111306,0.029866724766583905,60
2,64,0.0,True,0.001,0.0001,1.0,1.0,1.0,0.04921542677200503,0.0011237682887844534,0.021467640116396878,0.026624018455752067,157
2,64,0.0,True,0.001,0.0001,1.0,1.0,2.0,0.08181356286836995,0.00191781257550853,0.022987612083347306,0.028454069022296205,69
2,64,0.0,True,0.001,0.001,1.0,1.0,1.0,0.05384949491255813,0.0014276149126494096,0.022227356960583065,0.03019452309753332,106
2,64,0.0,True,0.001,0.001,1.0,1.0,2.0,0.08633495080802175,0.0027107433933350774,0.023472976819094684,0.030075615194315713,49
2,64,0.0,True,0.0003,0.0,1.0,1.0,1.0,0.051864397142910294,0.0008537926931037671,0.02169529560746418,0.029315308667719364,199
2,64,0.0,True,0.0003,0.0,1.0,1.0,2.0,0.08481695275339815,0.0013443469037560539,0.02295043257375558,0.030261086688066523,83
2,64,0.0,True,0.0003,0.0001,1.0,1.0,1.0,0.05315904484854804,0.001335074132334234,0.02169341764723261,0.03013055357668135,146
2,64,0.0,True,0.0003,0.0001,1.0,1.0,2.0,0.07572921075754696,0.0014825860158048777,0.02101467280752129,0.026615975657477975,198
2,64,0.0,True,0.0003,0.001,1.0,1.0,1.0,0.05285269875700275,0.0013237794369666113,0.02180410150645508,0.029724818085216813,187
2,64,0.0,True,0.0003,0.001,1.0,1.0,2.0,0.08345091498146455,0.0014814481756831002,0.0223169080240445,0.029826279134593077,139
2,64,0.1,False,0.001,0.0,1.0,1.0,1.0,0.0648424704041746,0.0044465876805285616,0.025962890177551243,0.034432992339134216,40
2,64,0.1,False,0.001,0.0,1.0,1.0,2.0,0.09492312920176321,0.005128293336989979,0.025265256977743573,0.03226478943704731,88
2,64,0.1,False,0.001,0.0001,1.0,1.0,1.0,0.06449668088720904,0.0041857461587318946,0.026827952746922772,0.0334829814835555,64
2,64,0.1,False,0.001,0.0001,1.0,1.0,2.0,0.09896052132050197,0.003052491950155753,0.027638672178404197,0.03413467849087384,57
2,64,0.1,False,0.001,0.001,1.0,1.0,1.0,0.06283157598227262,0.002787208320417752,0.025391989542792242,0.03465237866880165,84
2,64,0.1,False,0.001,0.001,1.0,1.0,2.0,0.09913718183007506,0.0034828652472545705,0.028203531220141385,0.033725392927105226,54
2,64,0.1,False,0.0003,0.0,1.0,1.0,1.0,0.06047863213138448,0.0028328835550281736,0.02479020627732906,0.03285554237663746,98
2,64,0.1,False,0.0003,0.0,1.0,1.0,2.0,0.0905341390106413,0.0031197468860126617,0.02480599126364622,0.031304200671406254,119
2,64,0.1,False,0.0003,0.0001,1.0,1.0,1.0,0.058536043080190815,0.003355679736058745,0.023653283663507964,0.03152708005574015,187
2,64,0.1,False,0.0003,0.0001,1.0,1.0,2.0,0.08690477597216766,0.0028808046287546554,0.023753118235617876,0.030135426618572738,239
2,64,0.1,False,0.0003,0.001,1.0,1.0,1.0,0.06145412433478567,0.0028438502211227184,0.025569614592111774,0.03304065968323913,117
2,64,0.1,False,0.0003,0.001,1.0,1.0,2.0,0.09594517666846514,0.004997438912849045,0.02597253888638483,0.03248759961893989,105
2,64,0.1,True,0.001,0.0,1.0,1.0,1.0,0.05758769282450279,0.001235557530890219,0.023585368413478136,0.03276676666508946,123
2,64,0.1,True,0.001,0.0,1.0,1.0,2.0,0.08902031214286883,0.0016203179159977783,0.024989307444128726,0.03120534344472819,124
2,64,0.1,True,0.001,0.0001,1.0,1.0,1.0,0.05737086209572024,0.0014508166576787415,0.023310146320404276,0.0326098986228721,83
2,64,0.1,True,0.001,0.0001,1.0,1.0,2.0,0.09249494431747331,0.002319106586380965,0.025254201118109956,0.03246081780849232,55
2,64,0.1,True,0.001,0.001,1.0,1.0,1.0,0.05770511863132318,0.0016174063995195967,0.02322098219560252,0.032866730380596385,169
2,64,0.1,True,0.001,0.001,1.0,1.0,2.0,0.09025055159711176,0.002381743559251643,0.024387039063084457,0.03174088429659605,124
2,64,0.1,True,0.0003,0.0,1.0,1.0,1.0,0.05569206473107139,0.0013302093413787791,0.023035118873748515,0.03132673629766537,152
2,64,0.1,True,0.0003,0.0,1.0,1.0,2.0,0.08201765258693033,0.0015394565109292874,0.022620618214002915,0.028928789051456585,198
2,64,0.1,True,0.0003,0.0001,1.0,1.0,1.0,0.057587376330047846,0.001504318565518285,0.023094010358262394,0.03298904751944873,107
2,64,0.1,True,0.0003,0.0001,1.0,1.0,2.0,0.08945700774590175,0.0016875550726480368,0.023978937262048323,0.031895257972387805,92
2,64,0.1,True,0.0003,0.001,1.0,1.0,1.0,0.05795540505399307,0.0020848974155443204,0.02315747494705849,0.03271303245694273,177
2,64,0.1,True,0.0003,0.001,1.0,1.0,2.0,0.08960455211086406,0.0022671850876779193,0.024091877431298297,0.031622744915593,116
2,128,0.0,False,0.001,0.0,1.0,1.0,1.0,0.05265751926021443,0.0012776746750912732,0.023014539723388024,0.028365305029890604,73
2,128,0.0,False,0.001,0.0,1.0,1.0,2.0,0.08436630604167779,0.0018070778977643284,0.02265346316724188,0.029952882297544017,34
2,128,0.0,False,0.001,0.0001,1.0,1.0,1.0,0.05124849655355016,0.0013588583759782421,0.0223162478974296,0.027573389854903024,89
2,128,0.0,False,0.001,0.0001,1.0,1.0,2.0,0.07741674584233099,0.0014910422905813903,0.022301582334977057,0.02681206042567889,101
2,128,0.0,False,0.001,0.001,1.0,1.0,1.0,0.05463416175916791,0.0013873945863451809,0.022939022061311536,0.030307744888381824,59
2,128,0.0,False,0.001,0.001,1.0,1.0,2.0,0.08026106200284427,0.0016471642318518004,0.02437146396065752,0.02712121673135294,98
2,128,0.0,False,0.0003,0.0,1.0,1.0,1.0,0.0530203849905067,0.0011268512656291325,0.0221310550502191,0.029762478519438043,76
2,128,0.0,False,0.0003,0.0,1.0,1.0,2.0,0.07687980640265676,0.0011183826281921938,0.021503386087715626,0.02712901875687142,122
2,128,0.0,False,0.0003,0.0001,1.0,1.0,1.0,0.048500423371377915,0.0008116482883148516,0.021529766627483897,0.02615900829227434,206
2,128,0.0,False,0.0003,0.0001,1.0,1.0,2.0,0.07442827822847499,0.0009283517606996207,0.021019914575542014,0.026240005649419293,155
2,128,0.0,False,0.0003,0.001,1.0,1.0,1.0,0.05139838169432349,0.001085615733043394,0.021560876035234995,0.02875188968351318,168
2,128,0.0,False,0.0003,0.001,1.0,1.0,2.0,0.07798329564846224,0.001373470599193954,0.021659473422914743,0.0274751759134233,174
2,128,0.0,True,0.001,0.0,1.0,1.0,1.0,0.051089216489344835,0.0015781596205973376,0.02154130972404447,0.027969747574792966,56
2,128,0.0,True,0.001,0.0,1.0,1.0,2.0,0.07468649093061686,0.0009494175529754204,0.021964039963980515,0.025886516785249114,120
2,128,0.0,True,0.001,0.0001,1.0,1.0,1.0,0.048886792889485754,0.0007790710038130379,0.021487458117513195,0.026620263725312218,109
2,128,0.0,True,0.001,0.0001,1.0,1.0,2.0,0.0815502234424154,0.0009317754011135548,0.024339360029747088,0.028139543848940067,67
2,128,0.0,True,0.001,0.001,1.0,1.0,1.0,0.05298935523670581,0.0011476764322853545,0.021588362598170836,0.03025331586185429,134
2,128,0.0,True,0.001,0.001,1.0,1.0,2.0,0.07973740136043893,0.0016199916167857333,0.022382228790471952,0.027867590284181967,116
2,128,0.0,True,0.0003,0.0,1.0,1.0,1.0,0.05221428147827586,0.0008406087824065859,0.021783229351664584,0.029590444044313498,126
2,128,0.0,True,0.0003,0.0,1.0,1.0,2.0,0.07878798556824525,0.0011573603955589028,0.021932543539959524,0.027849040847892564,145
2,128,0.0,True,0.0003,0.0001,1.0,1.0,1.0,0.0525189900977744,0.0008092593165606053,0.021962005670906767,0.029747725076352555,129
2,128,0.0,True,0.0003,0.0001,1.0,1.0,2.0,0.07828275859355927,0.0012785875603892943,0.021577084152441885,0.02771354342500369,121
2,128,0.0,True,0.0003,0.001,1.0,1.0,1.0,0.050518692885008126,0.001029156880880085,0.02107421419997182,0.028415321682890255,196
2,128,0.0,True,0.0003,0.001,1.0,1.0,2.0,0.08141093918432792,0.001207214164120766,0.022298189759668376,0.02895276750334435,164
2,128,0.1,False,0.001,0.0,1.0,1.0,1.0,0.058591771560410656,0.0018700569053180516,0.024453957616868947,0.03226775676012039,50
2,128,0.1,False,0.001,0.0,1.0,1.0,2.0,0.08873848472204474,0.0028715648578428146,0.024501929835726816,0.030682494993218117,80
2,128,0.1,False,0.001,0.0001,1.0,1.0,1.0,0.057121365486333765,0.002285855130240735,0.023150682216510177,0.03168482809431023,92
2,128,0.1,False,0.001,0.0001,1.0,1.0,2.0,0.0871850707464748,0.003184988771358298,0.023783842955405515,0.030108119050661724,89
2,128,0.1,False,0.001,0.001,1.0,1.0,1.0,0.06314764565063848,0.0038557740626856685,0.026358729745778773,0.03293314162227842,51
2,128,0.1,False,0.001,0.001,1.0,1.0,2.0,0.09393408304701249,0.0029473851738859797,0.025068095936957333,0.032959300765974656,32
2,128,0.1,False,0.0003,0.0,1.0,1.0,1.0,0.05486126523464918,0.0017133407268880142,0.022787728269274037,0.030360196432512667,160
2,128,0.1,False,0.0003,0.0,1.0,1.0,2.0,0.0865955807061659,0.002342899029220765,0.023241465885399118,0.030505607758338254,102
2,128,0.1,False,0.0003,0.0001,1.0,1.0,1.0,0.05567425127244658,0.0016432389157772479,0.022233726016970143,0.03179728710610005,155
2,128,0.1,False,0.0003,0.0001,1.0,1.0,2.0,0.08369951384762923,0.0017245733114476833,0.022478789220460586,0.029748075615821615,165
2,128,0.1,False,0.0003,0.001,1.0,1.0,1.0,0.05766379496910506,0.0021126918953895154,0.023784915761401255,0.031766187503106065,83
2,128,0.1,False,0.0003,0.001,1.0,1.0,2.0,0.08932080885602368,0.0020024241303973314,0.024829837571208675,0.031244273504449263,79
2,128,0.1,True,0.001,0.0,1.0,1.0,1.0,0.056356289630962744,0.0009464490867685527,0.024205791582870815,0.031204048725258973,90
2,128,0.1,True,0.001,0.0,1.0,1.0,2.0,0.09032193260888259,0.001664868661060205,0.024356460043539602,0.0321503019788199,41
2,128,0.1,True,0.001,0.0001,1.0,1.0,1.0,0.0559309642865426,0.001139959949392101,0.02349264443748527,0.0312983595714387,79
2,128,0.1,True,0.001,0.0001,1.0,1.0,2.0,0.08969969933645593,0.001777023471529699,0.02409423533309665,0.031914220139798194,56
2,128,0.1,True,0.001,0.001,1.0,1.0,1.0,0.06197390736391147,0.0020982519878695407,0.025494786496791575,0.0343808696553525,45
2,128,0.1,True,0.001,0.001,1.0,1.0,2.0,0.09594646520498726,0.0026076282342223246,0.02535902582005494,0.033989905664283365,36
2,128,0.1,True,0.0003,0.0,1.0,1.0,1.0,0.05327650351035926,0.000928766094148159,0.022437759882046118,0.029909977663515344,139
2,128,0.1,True,0.0003,0.0,1.0,1.0,2.0,0.08001770317140552,0.0008569441811737812,0.022488521800066035,0.028336118596295517,222
2,128,0.1,True,0.0003,0.0001,1.0,1.0,1.0,0.054078999182416335,0.0012461635827397306,0.02220958303142753,0.03062325278814468,105
2,128,0.1,True,0.0003,0.0001,1.0,1.0,2.0,0.07865367519358794,0.0013461579316450905,0.022080412522579234,0.02761355239070124,215
2,128,0.1,True,0.0003,0.001,1.0,1.0,1.0,0.05427793196092049,0.0014844299827624734,0.021946407828686967,0.030847094694359437,221
2,128,0.1,True,0.0003,0.001,1.0,1.0,2.0,0.08366122997055452,0.0017316250208144386,0.023080433330809075,0.02942458586767316,163
2,256,0.0,False,0.001,0.0,1.0,1.0,1.0,0.051334165761040315,0.0010502396778772688,0.022755786931763094,0.027528139322789177,104
2,256,0.0,False,0.001,0.0,1.0,1.0,2.0,0.07797777766568793,0.0013681751249047618,0.024015179369598627,0.026297211879864335,100
2,256,0.0,False,0.001,0.0001,1.0,1.0,1.0,0.05275596885217561,0.0017385440749219721,0.022748555393061705,0.028268869319516752,53
2,256,0.0,False,0.001,0.0001,1.0,1.0,2.0,0.0806681958751546,0.0012185934012652272,0.024162481150900323,0.027643560716468427,112
2,256,0.0,False,0.001,0.001,1.0,1.0,1.0,0.05525586800649762,0.0016397036508553559,0.022984630402384534,0.03063153390151759,60
2,256,0.0,False,0.001,0.001,1.0,1.0,2.0,0.0823629508829779,0.0016291324282065034,0.022800649128233392,0.0289665840100497,74
2,256,0.0,False,0.0003,0.0,1.0,1.0,1.0,0.0522097524565955,0.0007553175722326463,0.022290190837035578,0.029164243722334504,60
2,256,0.0,False,0.0003,0.0,1.0,1.0,2.0,0.07895260293864542,0.0008183725149137899,0.023510275072314672,0.027311977801016636,115
2,256,0.0,False,0.0003,0.0001,1.0,1.0,1.0,0.0505491200213631,0.0009835021515350996,0.021461448502830334,0.028104169501198664,139
2,256,0.0,False,0.0003,0.0001,1.0,1.0,2.0,0.07886082492768764,0.0010628201982601443,0.021888116245261498,0.027954944228339527,96
2,256,0.0,False,0.0003,0.001,1.0,1.0,1.0,0.04903406980964872,0.0012147745664050388,0.021113939091770187,0.026705355719766684,252
2,256,0.0,False,0.0003,0.001,1.0,1.0,2.0,0.07778958075990279,0.0016199998693385471,0.021857781542672053,0.027155899623822834,144
2,256,0.0,True,0.001,0.0,1.0,1.0,1.0,0.0534475969357623,0.0014087126085845132,0.02248471871846252,0.0295541658738835,70
2,256,0.0,True,0.001,0.0,1.0,1.0,2.0,0.08653696750601132,0.0023925257393986816,0.024192027256099716,0.029976206986854475,28
2,256,0.0,True,0.001,0.0001,1.0,1.0,1.0,0.054630013803641,0.002397719615449508,0.023101927143418126,0.029130366604982152,49
2,256,0.0,True,0.001,0.0001,1.0,1.0,2.0,0.07753702698068486,0.0013403688159693654,0.022426100525384147,0.02688527880753908,140
2,256,0.0,True,0.001,0.001,1.0,1.0,1.0,0.05488685549547275,0.0016033068224917063,0.02240989142511454,0.030873657437041402,123
2,256,0.0,True,0.001,0.001,1.0,1.0,2.0,0.08219752170973355,0.001723649264830682,0.023535056789923046,0.028469407930970192,115
2,256,0.0,True,0.0003,0.0,1.0,1.0,1.0,0.051172838287634984,0.0008523742322318463,0.021919507015910413,0.028400957480900817,106
2,256,0.0,True,0.0003,0.0,1.0,1.0,2.0,0.07827765825721952,0.0007015448451663057,0.021785611959381238,0.02789525084921883,135
2,256,0.0,True,0.0003,0.0001,1.0,1.0,1.0,0.05029161346869336,0.0007532947662790926,0.02156598878920906,0.02797233015816245,156
2,256,0.0,True,0.0003,0.0001,1.0,1.0,2.0,0.08326956826365656,0.0015085786209157151,0.022645689288361207,0.029557650443166494,66
2,256,0.0,True,0.0003,0.001,1.0,1.0,1.0,0.05354127686263786,0.0010840721774406524,0.02223681210954156,0.030220393039700057,75
2,256,0.0,True,0.0003,0.001,1.0,1.0,2.0,0.08340954666750298,0.0012334710514147042,0.022546006702921458,0.029815034268216953,78
2,256,0.1,False,0.001,0.0,1.0,1.0,1.0,0.05579046454901496,0.0017870330484583974,0.023450064472854137,0.030553366885417037,101
2,256,0.1,False,0.001,0.0,1.0,1.0,2.0,0.08713638844589393,0.0027393314101371085,0.02385373418736789,0.030271661131539278,74
2,256,0.1,False,0.001,0.0001,1.0,1.0,1.0,0.062227359455492764,0.0022819041268020454,0.02565378649160266,0.03429166838112804,27
2,256,0.1,False,0.001,0.0001,1.0,1.0,2.0,0.0912035515324937,0.002732378440365816,0.027508327633970313,0.030481423277200922,47
2,256,0.1,False,0.001,0.001,1.0,1.0,1.0,0.06476648772756259,0.003523161162674013,0.02842069375846121,0.03282263287757006,48
2,256,0.1,False,0.001,0.001,1.0,1.0,2.0,0.09579523352699147,0.0023690239985525194,0.029274851445936494,0.032075678567505546,31
2,256,0.1,False,0.0003,0.0,1.0,1.0,1.0,0.05120563294945492,0.0012804175300213199,0.022104282423646912,0.027820932859968808,148
2,256,0.1,False,0.0003,0.0,1.0,1.0,2.0,0.08207684475928545,0.0013150032156974906,0.022431451827287674,0.029165194576813117,106
2,256,0.1,False,0.0003,0.0001,1.0,1.0,1.0,0.05452290027298861,0.0015112867646773036,0.02284392150532868,0.03016769210807979,82
2,256,0.1,False,0.0003,0.0001,1.0,1.0,2.0,0.08130730512655443,0.0020976304529338246,0.02309398024549915,0.028057847197891936,115
2,256,0.1,False,0.0003,0.001,1.0,1.0,1.0,0.055336305457684726,0.0018131293246470806,0.022930698469281197,0.030592477828678157,100
2,256,0.1,False,0.0003,0.001,1.0,1.0,2.0,0.08528678978068961,0.0014571623259042907,0.023838435299694538,0.02999559616566532,120
2,256,0.1,True,0.001,0.0,1.0,1.0,1.0,0.056927700630492635,0.001540643151707223,0.023732515077831015,0.0316545421568056,29
2,256,0.1,True,0.001,0.0,1.0,1.0,2.0,0.0796686341572139,0.0015277769804621737,0.022584065277543332,0.02777839578791625,190
2,256,0.1,True,0.001,0.0001,1.0,1.0,1.0,0.055891293877114855,0.001125506911193952,0.0229587368408425,0.03180705041935047,119
2,256,0.1,True,0.001,0.0001,1.0,1.0,2.0,0.09013926806963152,0.0013750861301862944,0.027051974269044068,0.03085610350697405,26
2,256,0.1,True,0.001,0.001,1.0,1.0,1.0,0.058671580265379615,0.00173449817359344,0.023718662741076615,0.03321841998129255,72
2,256,0.1,True,0.001,0.001,1.0,1.0,2.0,0.09154066702144013,0.0016631500135796766,0.024186203437339928,0.0328456564909882,71
2,256,0.1,True,0.0003,0.0,1.0,1.0,1.0,0.055009992586241827,0.0009434743874913289,0.022762077446613047,0.031304440616319575,64
2,256,0.1,True,0.0003,0.0,1.0,1.0,2.0,0.07505196933117178,0.0008704293625972545,0.021877922479891114,0.026151808522020776,162
2,256,0.1,True,0.0003,0.0001,1.0,1.0,1.0,0.050857109017670155,0.0007130608436354022,0.021724953600722883,0.028419094884561166,194
2,256,0.1,True,0.0003,0.0001,1.0,1.0,2.0,0.08120978830589189,0.0009949341571579378,0.02217499112399916,0.029019931719327968,112
2,256,0.1,True,0.0003,0.001,1.0,1.0,1.0,0.054407332765145436,0.0013852220840312333,0.022159734533892736,0.03086237663713594,119
2,256,0.1,True,0.0003,0.001,1.0,1.0,2.0,0.08371967708484994,0.001391636566647018,0.02266159666598671,0.02983322204090655,161
3,64,0.0,False,0.001,0.0,1.0,1.0,1.0,0.05036366047958533,0.001266484957240108,0.021581352067490418,0.027515823383712106,111
3,64,0.0,False,0.001,0.0,1.0,1.0,2.0,0.07427919821606742,0.0012350181285809311,0.023025642925252516,0.025009268532610603,121
3,64,0.0,False,0.001,0.0001,1.0,1.0,1.0,0.05092090031959944,0.0014561691399042804,0.022872480356858835,0.02659225044772029,119
3,64,0.0,False,0.001,0.0001,1.0,1.0,2.0,0.07677356422775322,0.0017363516866074253,0.021494989309252963,0.02677111175014741,80
3,64,0.0,False,0.001,0.001,1.0,1.0,1.0,0.055433444782263704,0.0015871875657467172,0.023263952487872705,0.03058230455240442,50
3,64,0.0,False,0.001,0.001,1.0,1.0,2.0,0.07738209132932955,0.001840413919934589,0.022541541166396603,0.026500068061674636,121
3,64,0.0,False,0.0003,0.0,1.0,1.0,1.0,0.05370369481129779,0.0012865438879493417,0.02224982656641967,0.03016732428740296,88
3,64,0.0,False,0.0003,0.0,1.0,1.0,2.0,0.07755962096982533,0.0012980350697438957,0.021640041739576392,0.02731077194524308,164
3,64,0.0,False,0.0003,0.0001,1.0,1.0,1.0,0.049477290362119675,0.0007683151222105759,0.021094925028996334,0.027614050363707874,252
3,64,0.0,False,0.0003,0.0001,1.0,1.0,2.0,0.0821192077257567,0.0015905930971105893,0.022479035115490358,0.029024789885928232,121
3,64,0.0,False,0.0003,0.001,1.0,1.0,1.0,0.051427487594385944,0.001117059207495509,0.021293435970114336,0.029016992103101477,174
3,64,0.0,False,0.0003,0.001,1.0,1.0,2.0,0.0789735001615352,0.0014838214152001052,0.02208091435022652,0.027704382030707266,179
3,64,0.0,True,0.001,0.0,1.0,1.0,1.0,0.05087532584245006,0.001445111492001969,0.02214348520566192,0.02728672930970788,88
3,64,0.0,True,0.001,0.0,1.0,1.0,2.0,0.08311433934917052,0.0014777080990218867,0.02303419438087278,0.02930121889544858,66
3,64,0.0,True,0.001,0.0001,1.0,1.0,1.0,0.054135273728105754,0.0011378504875918021,0.022498907883548074,0.030498515736932557,56
3,64,0.0,True,0.001,0.0001,1.0,1.0,2.0,0.08064775168895721,0.001474405559646483,0.022433251452942688,0.02837004740205076,52
3,64,0.0,True,0.001,0.001,1.0,1.0,1.0,0.053186431216696896,0.001626286831904306,0.021789282146427367,0.02977086163850294,96
3,64,0.0,True,0.001,0.001,1.0,1.0,2.0,0.07940685014343923,0.0020961006682935273,0.02294496335606608,0.027182892818624776,88
3,64,0.0,True,0.0003,0.0,1.0,1.0,1.0,0.05135841678000159,0.0013426366187761435,0.021783857632221446,0.02823192282165918,111
3,64,0.0,True,0.0003,0.0,1.0,1.0,2.0,0.07564917693121566,0.0012798860665902288,0.02272733212966058,0.025820979486323066,157
3,64,0.0,True,0.0003,0.0001,1.0,1.0,1.0,0.048349324303368725,0.0011050736502511427,0.02123095708278318,0.026013293588120077,271
3,64,0.0,True,0.0003,0.0001,1.0,1.0,2.0,0.07838756922218534,0.0019497827064090718,0.021789489313960075,0.027324148557252355,144
3,64,0.0,True,0.0003,0.001,1.0,1.0,1.0,0.05116386918558015,0.0011891508765984327,0.021203668788075447,0.028771049187829096,163
3,64,0.0,True,0.0003,0.001,1.0,1.0,2.0,0.07834110274497005,0.0013893457378597101,0.021405157658995852,0.027773299590787955,221
3,64,0.1,False,0.001,0.0,1.0,1.0,1.0,0.06584248609013027,0.0043767466365049286,0.027054335352861218,0.034411404411204986,42
3,64,0.1,False,0.001,0.0,1.0,1.0,2.0,0.09839230382608043,0.004378474401568787,0.029563594195577834,0.03222511765650577,144
3,64,0.1,False,0.001,0.0001,1.0,1.0,1.0,0.06549712580939133,0.003950769437425252,0.027351093995902274,0.0341952621885058,60
3,64,0.1,False,0.001,0.0001,1.0,1.0,2.0,0.09517691532770793,0.0039882654996795785,0.028416020950923365,0.03138631419278681,105
3,64,0.1,False,0.001,0.001,1.0,1.0,1.0,0.06586723391794497,0.0036593076009820732,0.027463521756645706,0.03474440490309563,37
3,64,0.1,False,0.001,0.001,1.0,1.0,2.0,0.10390319623466995,0.004671365708216197,0.029470787124915257,0.03488052150027619,36
3,64,0.1,False,0.0003,0.0,1.0,1.0,1.0,0.06144289889683326,0.003111049448812587,0.02448949533411198,0.033842354003960885,121
3,64,0.1,False,0.0003,0.0,1.0,1.0,2.0,0.09480692446231842,0.0038720592533031273,0.027532430365681648,0.031701217560718455,77
3,64,0.1,False,0.0003,0.0001,1.0,1.0,1.0,0.061743849991924234,0.002706302530390935,0.024843306720463768,0.03419424112265309,108
3,64,0.1,False,0.0003,0.0001,1.0,1.0,2.0,0.09812838822189304,0.003850521429234909,0.026447218920414645,0.03391532434357537,125
3,64,0.1,False,0.0003,0.001,1.0,1.0,1.0,0.06374588049948215,0.0034464253306699297,0.02651148372226291,0.033787971258991294,63
3,64,0.1,False,0.0003,0.001,1.0,1.0,2.0,0.0978553406894207,0.0037668195566058988,0.027454743420498237,0.03331688900167743,66
3,64,0.1,True,0.001,0.0,1.0,1.0,1.0,0.05784037305663029,0.0014971719404760127,0.024645112454891205,0.03169808831686775,101
3,64,0.1,True,0.001,0.0,1.0,1.0,2.0,0.08279922087159422,0.0019308257130129884,0.022711055715464883,0.029078669742577605,162
3,64,0.1,True,0.001,0.0001,1.0,1.0,1.0,0.05665574693638417,0.0016418792527272469,0.02331063847264482,0.03170322934682998,110
3,64,0.1,True,0.001,0.0001,1.0,1.0,2.0,0.08866422137038575,0.001824444197053607,0.024777121427986357,0.031031327839526866,73
3,64,0.1,True,0.001,0.001,1.0,1.0,1.0,0.060505263714326754,0.0025455314316786826,0.024526024832286768,0.03343370771552953,75
3,64,0.1,True,0.001,0.001,1.0,1.0,2.0,0.09452969994809893,0.0029409201168972584,0.02587827408893241,0.032855253097497754,55
3,64,0.1,True,0.0003,0.0,1.0,1.0,1.0,0.057437568799489074,0.0014535917515685367,0.023702125530689955,0.03228185209445655,137
3,64,0.1,True,0.0003,0.0,1.0,1.0,2.0,0.08583013102826145,0.0015650606979357286,0.02413363563310769,0.030065717744744487,160
3,64,0.1,True,0.0003,0.0001,1.0,1.0,1.0,0.056595143396407366,0.0014658452758643155,0.022909431330238778,0.032219867377231516,129
3,64,0.1,True,0.0003,0.0001,1.0,1.0,2.0,0.08740066757632627,0.0021622195425960752,0.023475218926452927,0.030881614838209417,103
3,64,0.1,True,0.0003,0.001,1.0,1.0,1.0,0.055295237288292914,0.00230418535001162,0.022107846336439252,0.030883205666517217,176
3,64,0.1,True,0.0003,0.001,1.0,1.0,2.0,0.08632309517512719,0.002434524183627218,0.0236953711654577,0.030096599676956732,113
3,128,0.0,False,0.001,0.0,1.0,1.0,1.0,0.052581384778022766,0.0013293228710406562,0.022297739413463406,0.02895432283791403,41
3,128,0.0,False,0.001,0.0,1.0,1.0,2.0,0.08236481652905543,0.0016529902673533394,0.023647019794831674,0.028532403314279184,40
3,128,0.0,False,0.001,0.0001,1.0,1.0,1.0,0.05117842032470637,0.0017237065961429228,0.021920766862523224,0.02753394738667541,61
3,128,0.0,False,0.001,0.0001,1.0,1.0,2.0,0.07858487063397963,0.001966377742873091,0.023680882424943976,0.02646880506330894,55
3,128,0.0,False,0.001,0.001,1.0,1.0,1.0,0.0546210827305913,0.0013845501186248537,0.023373320517647598,0.029863211740222242,84
3,128,0.0,False,0.001,0.001,1.0,1.0,2.0,0.08274928014725447,0.00295111781775227,0.026368900202214718,0.02671463094237778,60
3,128,0.0,False,0.0003,0.0,1.0,1.0,1.0,0.04897383227944374,0.0009819422088589312,0.021354364981460903,0.02663752501313057,186
3,128,0.0,False,0.0003,0.0,1.0,1.0,2.0,0.07535795805354913,0.0012934260367829767,0.02149528422806826,0.026284623658284545,114
3,128,0.0,False,0.0003,0.0001,1.0,1.0,1.0,0.05335466553353601,0.001036363765403318,0.02204645970939762,0.030271842532480758,94
3,128,0.0,False,0.0003,0.0001,1.0,1.0,2.0,0.0804620644905501,0.0011686317092325124,0.02240766289954384,0.02844288487297793,87
3,128,0.0,False,0.0003,0.001,1.0,1.0,1.0,0.051909932090590395,0.0010683308969924434,0.022044528430948656,0.028797073263881937,156
3,128,0.0,False,0.0003,0.001,1.0,1.0,2.0,0.07770171078542869,0.0017329975283549477,0.021859243796724413,0.02705473478676544,109
3,128,0.0,True,0.001,0.0,1.0,1.0,1.0,0.05008938660224279,0.0008752581909195416,0.02289922095628248,0.02631490752618346,70
3,128,0.0,True,0.001,0.0,1.0,1.0,2.0,0.08133839308801624,0.0036984749021939933,0.0222984844715231,0.02767071681511071,62
3,128,0.0,True,0.001,0.0001,1.0,1.0,1.0,0.04803875109387769,0.0012187822964430477,0.021823104626188677,0.02499686375570794,108
3,128,0.0,True,0.001,0.0001,1.0,1.0,2.0,0.07702691066596243,0.0011409442231524736,0.022518275978250638,0.026683845220961504,68
3,128,0.0,True,0.001,0.001,1.0,1.0,1.0,0.05453922433985604,0.0015835896596804054,0.023205523534367483,0.02975011112478872,69
3,128,0.0,True,0.001,0.001,1.0,1.0,2.0,0.07802458210951752,0.00212831696585959,0.022682384122163057,0.026606940586740773,100
3,128,0.0,True,0.0003,0.0,1.0,1.0,1.0,0.0492696643082632,0.0008029593785371011,0.02132214608395265,0.027144558960571885,119
3,128,0.0,True,0.0003,0.0,1.0,1.0,2.0,0.07827345913069116,0.0010876724182809186,0.022458861426760752,0.02736346255470481,78
3,128,0.0,True,0.0003,0.0001,1.0,1.0,1.0,0.05165832655297385,0.0008777698304685247,0.022192344742102757,0.02858821168127987,110
3,128,0.0,True,0.0003,0.0001,1.0,1.0,2.0,0.08057632028228706,0.0009576586340295358,0.021571804044975176,0.029023428732115362,83
3,128,0.0,True,0.0003,0.001,1.0,1.0,1.0,0.050236147155778274,0.0011453201586846262,0.021661518503808312,0.027429308561194275,210
3,128,0.0,True,0.0003,0.001,1.0,1.0,2.0,0.07837271214359337,0.001263784399876992,0.021872601394231122,0.02761816316180759,146
3,128,0.1,False,0.001,0.0,1.0,1.0,1.0,0.05819707550108433,0.002520847163395956,0.02532288044070204,0.03035334771912959,51
3,128,0.1,False,0.001,0.0,1.0,1.0,2.0,0.09260271986325581,0.005358752290097375,0.026483027238605752,0.03038047057472997,89
3,128,0.1,False,0.001,0.0001,1.0,1.0,1.0,0.05946347707261642,0.0031243718630220327,0.025042592961755063,0.03129651185332073,74
3,128,0.1,False,0.001,0.0001,1.0,1.0,2.0,0.08567669439233011,0.0026738144871261385,0.026329625967062183,0.02833662683972054,126
3,128,0.1,False,0.001,0.001,1.0,1.0,1.0,0.0590637627368172,0.0021792592273818124,0.024837371608656313,0.032047131616208285,95
3,128,0.1,False,0.001,0.001,1.0,1.0,2.0,0.09458029145995776,0.0033168914863684527,0.028522355688942805,0.03137052250612113,53
3,128,0.1,False,0.0003,0.0,1.0,1.0,1.0,0.054803840091658965,0.0016459626300881307,0.023373801002485886,0.029784076096903946,137
3,128,0.1,False,0.0003,0.0,1.0,1.0,2.0,0.0878367419872019,0.0026223687681421223,0.02423240679005782,0.030490982889508206,81
3,128,0.1,False,0.0003,0.0001,1.0,1.0,1.0,0.05590550063384904,0.0020335476082335743,0.02300622922161387,0.03086572393981947,131
3,128,0.1,False,0.0003,0.0001,1.0,1.0,2.0,0.0819958226962222,0.0019309378371367024,0.023383686060292855,0.028340599965304136,172
3,128,0.1,False,0.0003,0.001,1.0,1.0,1.0,0.05661815353151825,0.002027285298229092,0.024348561703744862,0.03024230607681804,103
3,128,0.1,False,0.0003,0.001,1.0,1.0,2.0,0.08214386562920278,0.0023047539935861197,0.02316149914016326,0.028338806186285283,155
3,128,0.1,True,0.001,0.0,1.0,1.0,1.0,0.05382415367704299,0.0013594173425291148,0.023692809640326433,0.028771926545434527,118
3,128,0.1,True,0.001,0.0,1.0,1.0,2.0,0.09434449300169945,0.0018983420514915553,0.026534699162261352,0.03295572603949242,25
3,128,0.1,True,0.001,0.0001,1.0,1.0,1.0,0.05703144981008437,0.0013133666523370063,0.024051107466220856,0.03166697580470807,63
3,128,0.1,True,0.001,0.0001,1.0,1.0,2.0,0.07880705750236909,0.0015809926666810901,0.023655000660154555,0.026785532323022682,112
3,128,0.1,True,0.001,0.001,1.0,1.0,1.0,0.06064788272811307,0.002112913339967943,0.024714037051631346,0.03382093213602073,114
3,128,0.1,True,0.001,0.001,1.0,1.0,2.0,0.09373273545255263,0.0024212988533286583,0.02631451173995932,0.03249846233261956,36
3,128,0.1,True,0.0003,0.0,1.0,1.0,1.0,0.055127494554552764,0.0011133564629643741,0.023158142084462777,0.030855996094437108,88
3,128,0.1,True,0.0003,0.0,1.0,1.0,2.0,0.08121398681153853,0.0011953405208057826,0.02333971123314566,0.028339467709884048,133
3,128,0.1,True,0.0003,0.0001,1.0,1.0,1.0,0.051717905741598874,0.0008292656744338779,0.021962345655386645,0.028926294555680618,192
3,128,0.1,True,0.0003,0.0001,1.0,1.0,2.0,0.08449596187306775,0.0011585082651840316,0.023078705701563094,0.030129373772069812,106
3,128,0.1,True,0.0003,0.001,1.0,1.0,1.0,0.055239630293928914,0.0015578702894142931,0.02311893606868883,0.03056282363831997,132
3,128,0.1,True,0.0003,0.001,1.0,1.0,2.0,0.08137384957323472,0.001890044898674306,0.023445342434570193,0.02801923081278801,140
3,256,0.0,False,0.001,0.0,1.0,1.0,1.0,0.05120266146130032,0.0019294294761493802,0.022623959644180205,0.026649272819567058,79
3,256,0.0,False,0.001,0.0,1.0,1.0,2.0,0.07482065663983424,0.002147931796369246,0.022747532231733203,0.02496259620723625,90
3,256,0.0,False,0.001,0.0001,1.0,1.0,1.0,0.05063829038085209,0.0011665209894999862,0.02373262168839574,0.02573914800046219,67
3,256,0.0,False,0.001,0.0001,1.0,1.0,2.0,0.07644792728953892,0.0015471659555462087,0.022156322323199775,0.026372219720441435,106
3,256,0.0,False,0.001,0.001,1.0,1.0,1.0,0.05302586830738518,0.0019723177699941313,0.023537485808548,0.02751606524301072,99
3,256,0.0,False,0.001,0.001,1.0,1.0,2.0,0.07848795586162144,0.002726582338153902,0.023054615490966372,0.02635337919410732,51
3,256,0.0,False,0.0003,0.0,1.0,1.0,1.0,0.0510563096548948,0.0010163520120032546,0.022594056842434738,0.027445900900703337,98
3,256,0.0,False,0.0003,0.0,1.0,1.0,2.0,0.07850195736520821,0.0010959851707512927,0.023756240003017917,0.026824865852379136,101
3,256,0.0,False,0.0003,0.0001,1.0,1.0,1.0,0.050950809899303645,0.0008552668829603741,0.02167413119847576,0.028421411859906383,66
3,256,0.0,False,0.0003,0.0001,1.0,1.0,2.0,0.07908385205599996,0.0011960266710957512,0.022190458425838087,0.02784868353046477,76
3,256,0.0,False,0.0003,0.001,1.0,1.0,1.0,0.05124716879799962,0.0015322347753681242,0.022032640563944977,0.027682293025362823,114
3,256,0.0,False,0.0003,0.001,1.0,1.0,2.0,0.07439050761361916,0.0016973559233722174,0.02102202215852837,0.025835564877423976,182
3,256,0.0,True,0.001,0.0,1.0,1.0,1.0,0.054254619818594724,0.001152168011887827,0.023237351457484894,0.029865100358923275,36
3,256,0.0,True,0.001,0.0,1.0,1.0,2.0,0.07647187542170286,0.0011711023188480693,0.02266995350105895,0.026315409793621965,80
3,256,0.0,True,0.001,0.0001,1.0,1.0,1.0,0.0563471604966455,0.0011985409138206807,0.024889589235600498,0.030259030405431986,25
3,256,0.0,True,0.001,0.0001,1.0,1.0,2.0,0.0746164511785739,0.0010310454769448067,0.02206636559114688,0.025759520035030112,106
3,256,0.0,True,0.001,0.001,1.0,1.0,1.0,0.05667736753821373,0.0019626684758501747,0.024353901726297207,0.030360797497754295,46
3,256,0.0,True,0.001,0.001,1.0,1.0,2.0,0.09275398693150944,0.0022516490830134395,0.02537836535419855,0.032561986319099866,21
3,256,0.0,True,0.0003,0.0,1.0,1.0,1.0,0.05028025831820236,0.0010691221735517804,0.022179039790191583,0.02703209653393262,111
3,256,0.0,True,0.0003,0.0,1.0,1.0,2.0,0.07763851392600271,0.0009254569546707595,0.02214445908450418,0.027284299152799778,117
3,256,0.0,True,0.0003,0.0001,1.0,1.0,1.0,0.049066017071406044,0.0007800137358976321,0.02149666618141863,0.02678933718966113,121
3,256,0.0,True,0.0003,0.0001,1.0,1.0,2.0,0.07641699858423737,0.0011981207644566894,0.022750688173497718,0.02623409506243964,81
3,256,0.0,True,0.0003,0.001,1.0,1.0,1.0,0.04997025404332413,0.0010830763494595885,0.021002356946054433,0.027884820657264855,146
3,256,0.0,True,0.0003,0.001,1.0,1.0,2.0,0.07314435920367639,0.001253836361380915,0.02145484133830501,0.02521784099129339,137
3,256,0.1,False,0.001,0.0,1.0,1.0,1.0,0.0577540657379561,0.002497128185091747,0.023265997568766277,0.03199093982887765,90
3,256,0.1,False,0.001,0.0,1.0,1.0,2.0,0.08168129581544134,0.002226493120866103,0.02652675984427333,0.026464021247294214,136
3,256,0.1,False,0.001,0.0001,1.0,1.0,1.0,0.05409568962123659,0.0023345127960460055,0.023469288238427706,0.028291888302192092,98
3,256,0.1,False,0.001,0.0001,1.0,1.0,2.0,0.08313144515785906,0.0035378270290998947,0.02527517768450909,0.027159220383812983,79
3,256,0.1,False,0.001,0.001,1.0,1.0,1.0,0.06025257065064377,0.0031570972706605163,0.025566183832577534,0.03152928979963892,37
3,256,0.1,False,0.001,0.001,1.0,1.0,2.0,0.09054927507208453,0.00363288223484738,0.025344110663152404,0.030786140899484355,69
3,256,0.1,False,0.0003,0.0,1.0,1.0,1.0,0.05481405680378278,0.001689478750146615,0.023391642426658008,0.029732935544517305,87
3,256,0.1,False,0.0003,0.0,1.0,1.0,2.0,0.08916664289103614,0.0020655475333721065,0.02513564980795814,0.030982722709369328,36
3,256,0.1,False,0.0003,0.0001,1.0,1.0,1.0,0.05102692073624995,0.0016774370063406725,0.022559015416643687,0.026790468565498788,154
3,256,0.1,False,0.0003,0.0001,1.0,1.0,2.0,0.08040476269606087,0.0019706752823872697,0.02311944198380742,0.027657322456232376,115
3,256,0.1,False,0.0003,0.001,1.0,1.0,1.0,0.05332740525611573,0.001853931724326685,0.023393207488374576,0.02808026581381758,157
3,256,0.1,False,0.0003,0.001,1.0,1.0,2.0,0.07857630650202434,0.0019505128972620394,0.02260788377477891,0.02700895461667743,144
3,256,0.1,True,0.001,0.0,1.0,1.0,1.0,0.05524289204428593,0.0013096515839505526,0.023818570603099134,0.03011466979256107,94
3,256,0.1,True,0.001,0.0,1.0,1.0,2.0,0.08288856606102651,0.0014468321395624015,0.023981810314580798,0.02872996213328507,86
3,256,0.1,True,0.001,0.0001,1.0,1.0,1.0,0.05757775478478935,0.0016407724857951205,0.024362815595749352,0.031574166742049985,55
3,256,0.1,True,0.001,0.0001,1.0,1.0,2.0,0.0832575818316804,0.0017347419472773457,0.025849823736482196,0.027836508117616177,71
3,256,0.1,True,0.001,0.001,1.0,1.0,1.0,0.06195860050825609,0.002069719404163253,0.025785486576043896,0.03410339386512836,71
3,256,0.1,True,0.001,0.001,1.0,1.0,2.0,0.09181743539455864,0.002488791444597559,0.025985115880353585,0.03167176396689481,64
3,256,0.1,True,0.0003,0.0,1.0,1.0,1.0,0.05248097542466389,0.0012346224490708362,0.023369991712065205,0.02787636173889041,145
3,256,0.1,True,0.0003,0.0,1.0,1.0,2.0,0.08716121264215973,0.0015128557958329718,0.024357367513908282,0.030645494142340288,57
3,256,0.1,True,0.0003,0.0001,1.0,1.0,1.0,0.05448091449216008,0.0014300606999313459,0.022648612606442638,0.03040224127471447,64
3,256,0.1,True,0.0003,0.0001,1.0,1.0,2.0,0.08386596343997452,0.0011302040301315072,0.023076996983339388,0.02982938121486869,84
3,256,0.1,True,0.0003,0.001,1.0,1.0,1.0,0.0518176621860928,0.0013560615382933368,0.021811425815232925,0.02865017479699519,197
3,256,0.1,True,0.0003,0.001,1.0,1.0,2.0,0.07969051661590736,0.0028639924065727326,0.022010266858463485,0.027408128397332296,119
4,64,0.0,False,0.001,0.0,1.0,1.0,1.0,0.05144642422803574,0.0016825831294732376,0.022655807254422042,0.027108033808569115,88
4,64,0.0,False,0.001,0.0,1.0,1.0,2.0,0.07706976537075308,0.0015948526076196383,0.024205616002695426,0.025634648226615455,89
4,64,0.0,False,0.001,0.0001,1.0,1.0,1.0,0.05557621911995941,0.0012774285439971006,0.0236588131584641,0.03063997773764034,49
4,64,0.0,False,0.001,0.0001,1.0,1.0,2.0,0.08253554813563824,0.002464257407053891,0.02256620119118856,0.02875254517938528,78
4,64,0.0,False,0.001,0.001,1.0,1.0,1.0,0.05254063129218088,0.0020181627543125716,0.022503836313262582,0.028018632334553532,136
4,64,0.0,False,0.001,0.001,1.0,1.0,2.0,0.08135703019797802,0.0018340536917094141,0.023993728475438222,0.02776462398469448,104
4,64,0.0,False,0.0003,0.0,1.0,1.0,1.0,0.05059139761659834,0.0009988603980875472,0.02181324114402135,0.027779295937054686,163
4,64,0.0,False,0.0003,0.0,1.0,1.0,2.0,0.0764280083692736,0.0012759199323934605,0.021774737811129954,0.026688675111573603,159
4,64,0.0,False,0.0003,0.0001,1.0,1.0,1.0,0.05228264443576336,0.0013126694490589823,0.022019171725130744,0.0289508030594637,111
4,64,0.0,False,0.0003,0.0001,1.0,1.0,2.0,0.07776872078991598,0.0012892330382277982,0.022452635612959664,0.02701342643962966,160
4,64,0.0,False,0.0003,0.001,1.0,1.0,1.0,0.052653856575489044,0.0013294370469844176,0.021904886544992525,0.029419533365095656,135
4,64,0.0,False,0.0003,0.001,1.0,1.0,2.0,0.08245696975953049,0.0015477978530624467,0.02260806168326073,0.02915055503965252,105
4,64,0.0,True,0.001,0.0,1.0,1.0,1.0,0.050451141575144395,0.0010181861208467227,0.021855003329821758,0.027577951912664704,123
4,64,0.0,True,0.001,0.0,1.0,1.0,2.0,0.0800518515623278,0.001086679706026593,0.022856070013302896,0.0280545508592493,83
4,64,0.0,True,0.001,0.0001,1.0,1.0,1.0,0.05453135947593384,0.0011199591778373967,0.023488103282741375,0.029923297620067995,43
4,64,0.0,True,0.001,0.0001,1.0,1.0,2.0,0.07786596183561617,0.001404539261582411,0.02351849482187794,0.026471463704688683,107
4,64,0.0,True,0.001,0.001,1.0,1.0,1.0,0.05580525079535113,0.001901262966890095,0.02299880632199347,0.030905181516168848,73
4,64,0.0,True,0.001,0.001,1.0,1.0,2.0,0.07740058573997682,0.0020560870858995863,0.02307286077282495,0.026135819136268564,100
4,64,0.0,True,0.0003,0.0,1.0,1.0,1.0,0.05111144627961847,0.0010182091807817211,0.02183685133544107,0.028256385457805462,120
4,64,0.0,True,0.0003,0.0,1.0,1.0,2.0,0.07861421598742406,0.0011264517347121404,0.021778857671759196,0.027854453306645155,133
4,64,0.0,True,0.0003,0.0001,1.0,1.0,1.0,0.053141562526838645,0.0012802734547424028,0.0221696892598023,0.029691600318377216,95
4,64,0.0,True,0.0003,0.0001,1.0,1.0,2.0,0.07806389747808377,0.0015064919409471461,0.022520913250951305,0.027018246215043798,114
4,64,0.0,True,0.0003,0.001,1.0,1.0,1.0,0.050713700242340565,0.0013427641339755307,0.021886821577532425,0.02748411459227403,215
4,64,0.0,True,0.0003,0.001,1.0,1.0,2.0,0.07941647867361705,0.0017557479958567354,0.022775031626224518,0.02744284942228761,114
4,64,0.1,False,0.001,0.0,1.0,1.0,1.0,0.07003317969954675,0.006158863401247395,0.027703482554190688,0.036170834158029824,53
4,64,0.1,False,0.001,0.0,1.0,1.0,2.0,0.10386443800396389,0.006018615515333497,0.02742674175856842,0.03520954012249907,58
4,64,0.1,False,0.001,0.0001,1.0,1.0,1.0,0.06845173467364576,0.0043448198185716234,0.02971220714971423,0.03439470794465807,57
4,64,0.1,False,0.001,0.0001,1.0,1.0,2.0,0.11175433277255958,0.004951109876856208,0.03196806522707144,0.037417578821380935,28
4,64,0.1,False,0.001,0.001,1.0,1.0,1.0,0.06522697976066007,0.004451124133386959,0.02688859635964036,0.03388725904126962,65
4,64,0.1,False,0.001,0.001,1.0,1.0,2.0,0.10762486130827004,0.008062183042056859,0.029794879361159272,0.034883899717695184,45
4,64,0.1,False,0.0003,0.0,1.0,1.0,1.0,0.06332993590169483,0.003119806927214894,0.025360731485610206,0.03484939695853326,133
4,64,0.1,False,0.0003,0.0,1.0,1.0,2.0,0.10167074369059668,0.004042835388746526,0.02974426166878806,0.03394182362697191,88
4,64,0.1,False,0.0003,0.0001,1.0,1.0,1.0,0.06441952898684475,0.003008354739803407,0.027463857964095142,0.03394731667099728,106
4,64,0.1,False,0.0003,0.0001,1.0,1.0,2.0,0.09387505654659536,0.004088970315125253,0.028085565608408716,0.0308502606737117,121
4,64,0.1,False,0.0003,0.001,1.0,1.0,1.0,0.06642589614623123,0.003977418967729641,0.027626969437632296,0.03482150767619411,77
4,64,0.1,False,0.0003,0.001,1.0,1.0,2.0,0.0944321859214041,0.003926714959864815,0.02571996720507741,0.032392751735945545,162
4,64,0.1,True,0.001,0.0,1.0,1.0,1.0,0.05967948792709245,0.0023051845071475124,0.02395648912837108,0.03341781466992365,79
4,64,0.1,True,0.001,0.0,1.0,1.0,2.0,0.0904445971051852,0.002322626232247179,0.024458828951335616,0.0318315707716263,90
4,64,0.1,True,0.001,0.0001,1.0,1.0,1.0,0.06268704020314747,0.0029924460880768797,0.02604209031495783,0.03365250402647588,40
4,64,0.1,True,0.001,0.0001,1.0,1.0,2.0,0.08994719924198256,0.0025331413328078473,0.02588433798195587,0.030764860049304035,125
4,64,0.1,True,0.001,0.001,1.0,1.0,1.0,0.06257143647720416,0.002581415714101038,0.02486804376045863,0.03512197712229358,61
4,64,0.1,True,0.001,0.001,1.0,1.0,2.0,0.0922143039190107,0.002643951001421859,0.02580015795926253,0.03188509763114982,98
4,64,0.1,True,0.0003,0.0,1.0,1.0,1.0,0.05725552736678057,0.0015562406204278683,0.023286790690488286,0.03241249629192882,204
4,64,0.1,True,0.0003,0.0,1.0,1.0,2.0,0.08482402832143837,0.0019175496676729785,0.024029085438491568,0.02943869641361137,193
4,64,0.1,True,0.0003,0.0001,1.0,1.0,1.0,0.059684789532588586,0.0018296596438934405,0.024202454498865537,0.03365267541569968,105
4,64,0.1,True,0.0003,0.0001,1.0,1.0,2.0,0.08779846938947837,0.0021645161484937286,0.025018149909252923,0.030307901402314503,109
4,64,0.1,True,0.0003,0.001,1.0,1.0,1.0,0.05623511214637094,0.002237759420596477,0.022752657558562026,0.031244694565733273,234
4,64,0.1,True,0.0003,0.001,1.0,1.0,2.0,0.09047942743119267,0.002424537249478615,0.024363140523847606,0.03184587472221918,173
4,128,0.0,False,0.001,0.0,1.0,1.0,1.0,0.05334607216839989,0.0012544997751117786,0.023128409404307604,0.028963162900052138,69
4,128,0.0,False,0.001,0.0,1.0,1.0,2.0,0.07627591552833717,0.0015875327387928134,0.023449826002534892,0.025619278390270967,100
4,128,0.0,False,0.001,0.0001,1.0,1.0,1.0,0.05222931602555844,0.0019980227710523954,0.024018036977698404,0.026213256487001974,68
4,128,0.0,False,0.001,0.0001,1.0,1.0,2.0,0.07470445500479804,0.0014956786924610948,0.02410512888390157,0.02455182328251087,133
4,128,0.0,False,0.001,0.001,1.0,1.0,1.0,0.053509807421101466,0.002679623973866304,0.023177923712258536,0.027652259631496336,100
4,128,0.0,False,0.001,0.001,1.0,1.0,2.0,0.0818115792547663,0.0027329230441763583,0.025750317041658692,0.026664169324148033,48
4,128,0.0,False,0.0003,0.0,1.0,1.0,1.0,0.05277879065316585,0.0011684615617721444,0.022192089740807813,0.029418239887389872,76
4,128,0.0,False,0.0003,0.0,1.0,1.0,2.0,0.08297909547885259,0.0016749660733492216,0.023702844356497128,0.028800642376558647,52
4,128,0.0,False,0.0003,0.0001,1.0,1.0,1.0,0.0517858833902412,0.0008995550144593128,0.023652401933860447,0.027233926579356194,124
4,128,0.0,False,0.0003,0.0001,1.0,1.0,2.0,0.07282534179588158,0.0011263707533038945,0.022130295297958784,0.02478433783269591,196
4,128,0.0,False,0.0003,0.001,1.0,1.0,1.0,0.05341663501328892,0.0012709569402634064,0.02231810492877331,0.029827573233180575,125
4,128,0.0,False,0.0003,0.001,1.0,1.0,2.0,0.08154527615341875,0.0016978929618037203,0.023101520983295307,0.028372931164792843,71
4,128,0.0,True,0.001,0.0,1.0,1.0,1.0,0.057596487924456596,0.0013944818298720445,0.024258385981536575,0.031943620932805866,32
4,128,0.0,True,0.001,0.0,1.0,1.0,2.0,0.08070559178789456,0.0012699935274819534,0.023212887010433607,0.028111355896625254,71
4,128,0.0,True,0.001,0.0001,1.0,1.0,1.0,0.0492237308062613,0.0015334795866187455,0.021905530063021515,0.025784721598029137,134
4,128,0.0,True,0.001,0.0001,1.0,1.0,2.0,0.07401365760920776,0.0010969793883204046,0.021540608412275713,0.025688034986766677,111
4,128,0.0,True,0.001,0.001,1.0,1.0,1.0,0.05502154543581936,0.0013665290704617898,0.022793417279091146,0.030861599267356925,82
4,128,0.0,True,0.001,0.001,1.0,1.0,2.0,0.07511376827541325,0.002763904906007358,0.02180811617937353,0.02527087342201008,150
4,128,0.0,True,0.0003,0.0,1.0,1.0,1.0,0.05131905344832274,0.000968913602668585,0.022570817886541288,0.027779322350397706,121
4,128,0.0,True,0.0003,0.0,1.0,1.0,2.0,0.07997812175502379,0.001364087972130316,0.022660779094116554,0.027976626944210794,83
4,128,0.0,True,0.0003,0.0001,1.0,1.0,1.0,0.04964181346197923,0.0008886991903030624,0.021517090344180662,0.027236024098884728,183
4,128,0.0,True,0.0003,0.0001,1.0,1.0,2.0,0.07600212242040369,0.000967292333371006,0.021915256278589368,0.026559786767595343,102
4,128,0.0,True,0.0003,0.001,1.0,1.0,1.0,0.051317374791122146,0.0012885624536364856,0.02142660363784267,0.02860220894217491,132
4,128,0.0,True,0.0003,0.001,1.0,1.0,2.0,0.08069589703033368,0.0016579622994565095,0.022138955537229776,0.028449489864417248,85
4,128,0.1,False,0.001,0.0,1.0,1.0,1.0,0.056084336092074714,0.0029978907809385825,0.02385112281060881,0.029235322054268584,156
4,128,0.1,False,0.001,0.0,1.0,1.0,2.0,0.08625611455904113,0.0034406326530087325,0.027096090734832816,0.02785969533336659,96
4,128,0.1,False,0.001,0.0001,1.0,1.0,1.0,0.0659814008201162,0.003930762429566433,0.027584236529138353,0.034466402139514685,58
4,128,0.1,False,0.001,0.0001,1.0,1.0,2.0,0.08243352112670739,0.0034808142938547665,0.024946828424516652,0.02700293972156942,131
4,128,0.1,False,0.001,0.001,1.0,1.0,1.0,0.06926410417589876,0.004364365782950901,0.02953690466367536,0.035362834576517344,24
4,128,0.1,False,0.001,0.001,1.0,1.0,2.0,0.09726969411389695,0.005646713168567253,0.028775957206057176,0.0314235119925191,38
4,128,0.1,False,0.0003,0.0,1.0,1.0,1.0,0.05990952946659592,0.0033736795206399015,0.024946337410559256,0.031589512816733785,80
4,128,0.1,False,0.0003,0.0,1.0,1.0,2.0,0.08746816352423695,0.0036193978222500947,0.024590957288940746,0.029628904044835105,107
4,128,0.1,False,0.0003,0.0001,1.0,1.0,1.0,0.056183021877788834,0.001969689069988413,0.023906003295754392,0.030307328975242045,129
4,128,0.1,False,0.0003,0.0001,1.0,1.0,2.0,0.08840976738267475,0.0030116952451256416,0.023886262775502272,0.030755904606646962,105
4,128,0.1,False,0.0003,0.001,1.0,1.0,1.0,0.05828269571065903,0.0021326781619184962,0.02472890000272956,0.03142111751043962,113
4,128,0.1,False,0.0003,0.001,1.0,1.0,2.0,0.08816447108983994,0.002661132383056813,0.024748500540024705,0.030377418966963887,70
4,128,0.1,True,0.001,0.0,1.0,1.0,1.0,0.055835572330074176,0.0013843587334526496,0.024062072444293234,0.030389141368990142,110
4,128,0.1,True,0.001,0.0,1.0,1.0,2.0,0.08273480449699694,0.0016961197511086033,0.023889156601702172,0.028574763978314068,119
4,128,0.1,True,0.001,0.0001,1.0,1.0,1.0,0.05896948081337743,0.0015302298561437055,0.025593755792619452,0.03184549461325838,48
4,128,0.1,True,0.001,0.0001,1.0,1.0,2.0,0.08641321646670501,0.0013761344679450202,0.02488478782793714,0.03007614734168682,82
4,128,0.1,True,0.001,0.001,1.0,1.0,1.0,0.06424370201097594,0.002891425715966357,0.02632045994202296,0.035031816016675696,21
4,128,0.1,True,0.001,0.001,1.0,1.0,2.0,0.09238716939257251,0.0026562660350464284,0.025663031679060724,0.03203393591360913,49
4,128,0.1,True,0.0003,0.0,1.0,1.0,1.0,0.055648465330402054,0.0013287267469826879,0.023261664719838235,0.031058074466677174,78
4,128,0.1,True,0.0003,0.0,1.0,1.0,2.0,0.08303074983672963,0.0017034263712250525,0.023325593340107136,0.029000864933348365,156
4,128,0.1,True,0.0003,0.0001,1.0,1.0,1.0,0.0556081328023639,0.0013864372271604629,0.02310694945562217,0.031114746273184817,88
4,128,0.1,True,0.0003,0.0001,1.0,1.0,2.0,0.08301262102193302,0.0016703834925364289,0.023856514030032687,0.02874286154595514,126
4,128,0.1,True,0.0003,0.001,1.0,1.0,1.0,0.05634300115828713,0.002028232977156424,0.023045811543448105,0.03126895696752601,92
4,128,0.1,True,0.0003,0.001,1.0,1.0,2.0,0.08716705451822943,0.0025409242823823458,0.02398923101524512,0.030318449510054454,56
4,256,0.0,False,0.001,0.0,1.0,1.0,1.0,0.05024843869937791,0.0015698301075543794,0.02248469538365801,0.02619391307234764,83
4,256,0.0,False,0.001,0.0,1.0,1.0,2.0,0.07854097719407743,0.0017718619136657151,0.023336229897621606,0.026716442610551085,58
4,256,0.0,False,0.001,0.0001,1.0,1.0,1.0,0.049467479499677815,0.0011539420762953039,0.022756765648308728,0.025556771679677896,74
4,256,0.0,False,0.001,0.0001,1.0,1.0,2.0,0.07689898212750752,0.0018841983077840672,0.022743965266272426,0.026135409276725516,79
4,256,0.0,False,0.001,0.001,1.0,1.0,1.0,0.0533380605176919,0.002603153817795424,0.021838865061807964,0.02889604142142667,86
4,256,0.0,False,0.001,0.001,1.0,1.0,2.0,0.07597503014322785,0.0018136693057992186,0.023158662331600983,0.02550134937175446,111
4,256,0.0,False,0.0003,0.0,1.0,1.0,1.0,0.05310883455806308,0.0009792459879665533,0.022623710489521425,0.029505877910802763,83
4,256,0.0,False,0.0003,0.0,1.0,1.0,2.0,0.08093746182405287,0.0016881861536401426,0.023607753941582307,0.027820760953343578,89
4,256,0.0,False,0.0003,0.0001,1.0,1.0,1.0,0.05437931283894512,0.001135885859386892,0.0232320554399242,0.030011371502445802,49
4,256,0.0,False,0.0003,0.0001,1.0,1.0,2.0,0.07984504755586386,0.0010553418558427235,0.0223502689299898,0.02821971897760199,91
4,256,0.0,False,0.0003,0.001,1.0,1.0,1.0,0.05765555529958672,0.0025675546558987764,0.023415524926450517,0.03167247573017246,30
4,256,0.0,False,0.0003,0.001,1.0,1.0,2.0,0.0752813634980056,0.0014887286476247634,0.024410985875874758,0.024690824483210843,149
4,256,0.0,True,0.001,0.0,1.0,1.0,1.0,0.054362278845575124,0.0009714671226295953,0.02388476337202721,0.02950604896371563,57
4,256,0.0,True,0.001,0.0,1.0,1.0,2.0,0.07935770445813735,0.0009693287526412556,0.023426527260906167,0.027480924010483757,107
4,256,0.0,True,0.001,0.0001,1.0,1.0,1.0,0.05016268820812305,0.0019613575908200196,0.021980980074860983,0.02622035070736375,86
4,256,0.0,True,0.001,0.0001,1.0,1.0,2.0,0.0818828513017959,0.0009480006604765853,0.023204953797782462,0.028864948467041057,74
4,256,0.0,True,0.001,0.001,1.0,1.0,1.0,0.05444723559129569,0.001571673747902322,0.02336189512991243,0.029513666949545343,98
4,256,0.0,True,0.001,0.001,1.0,1.0,2.0,0.08468031686627203,0.0024468744037828096,0.02452938910573721,0.028852026754369337,41
4,256,0.0,True,0.0003,0.0,1.0,1.0,1.0,0.0492445960537427,0.0006993568111081711,0.022346552202685013,0.02619868736817605,120
4,256,0.0,True,0.0003,0.0,1.0,1.0,2.0,0.07911838353094128,0.0010932953850392045,0.02389386213488049,0.027065613203578524,101
4,256,0.0,True,0.0003,0.0001,1.0,1.0,1.0,0.05531558803179198,0.001198761797341932,0.023328969203349616,0.030787856654367514,32
4,256,0.0,True,0.0003,0.0001,1.0,1.0,2.0,0.07672945006440084,0.0010757454244109492,0.023739977170609765,0.02595686364091105,71
4,256,0.0,True,0.0003,0.001,1.0,1.0,1.0,0.052197383613222174,0.0015705736683836828,0.022041522432118654,0.028585287302525506,104
4,256,0.0,True,0.0003,0.001,1.0,1.0,2.0,0.07917892405142386,0.0019780862300346294,0.02230749902729359,0.027446669500528112,65
4,256,0.1,False,0.001,0.0,1.0,1.0,1.0,0.06286440427518553,0.004733116935110754,0.024865737443582878,0.03326554997410211,36
4,256,0.1,False,0.001,0.0,1.0,1.0,2.0,0.08892216647250785,0.003261364239733666,0.025745309475395415,0.029957746284910373,98
4,256,0.1,False,0.001,0.0001,1.0,1.0,1.0,0.05603493988100025,0.003344807631543113,0.02604840100846357,0.026641730995227892,90
4,256,0.1,False,0.001,0.0001,1.0,1.0,2.0,0.09398433255652587,0.002693183868864758,0.026538267266005278,0.032376441147385374,39
4,256,0.1,False,0.001,0.001,1.0,1.0,1.0,0.06780786191423734,0.002811820013448596,0.0305522496605085,0.03444379301638239,32
4,256,0.1,False,0.001,0.001,1.0,1.0,2.0,0.10091318976547983,0.004787797677434153,0.02890588767412636,0.03360975179303852,31
4,256,0.1,False,0.0003,0.0,1.0,1.0,1.0,0.0535134173826211,0.001807449126823081,0.023367978684190247,0.02833798983030849,103
4,256,0.1,False,0.0003,0.0,1.0,1.0,2.0,0.08249333645734522,0.002385104932020315,0.023651152280055814,0.028228539352615673,86
4,256,0.1,False,0.0003,0.0001,1.0,1.0,1.0,0.05326046277251509,0.0015530471541246192,0.023725794912833307,0.02798162098042667,105
4,256,0.1,False,0.0003,0.0001,1.0,1.0,2.0,0.0814895581247078,0.0015134995466926033,0.02318495442159474,0.028395552162287965,100
4,256,0.1,False,0.0003,0.001,1.0,1.0,1.0,0.05838174052122566,0.0026126028581832847,0.02527578066413601,0.030493357555112906,63
4,256,0.1,False,0.0003,0.001,1.0,1.0,2.0,0.09121038195573622,0.0026787351364166373,0.025638524649871722,0.03144656106208762,36
4,256,0.1,True,0.001,0.0,1.0,1.0,1.0,0.05535288486215803,0.0010251508760524706,0.02475042672206958,0.029577307739398546,118
4,256,0.1,True,0.001,0.0,1.0,1.0,2.0,0.08290705219325092,0.0013125572085199463,0.023971723444345925,0.028811385803338554,154
4,256,0.1,True,0.001,0.0001,1.0,1.0,1.0,0.05678426153543922,0.0011089576857759515,0.024643400451168418,0.031031903577968478,81
4,256,0.1,True,0.001,0.0001,1.0,1.0,2.0,0.0878289339856969,0.0014656501459992593,0.0254710394785636,0.030446122245242197,57
4,256,0.1,True,0.001,0.001,1.0,1.0,1.0,0.062145810263852276,0.002418588843688162,0.02571445915641056,0.03401276267444094,19
4,256,0.1,True,0.001,0.001,1.0,1.0,2.0,0.09716322335104148,0.0029366269591264427,0.02496662994639741,0.034629983413550586,46
4,256,0.1,True,0.0003,0.0,1.0,1.0,1.0,0.052105996343824595,0.001128355057315073,0.023066636097307008,0.027911005231241386,98
4,256,0.1,True,0.0003,0.0,1.0,1.0,2.0,0.08315979265090492,0.0010702304021429478,0.023366542688260477,0.029361509511040315,110
4,256,0.1,True,0.0003,0.0001,1.0,1.0,1.0,0.05668203325735198,0.0013839517551888195,0.023496392312356167,0.03180168944204019,52
4,256,0.1,True,0.0003,0.0001,1.0,1.0,2.0,0.07865715151031812,0.0013461278059468088,0.02325876998818583,0.027026126575138833,128
4,256,0.1,True,0.0003,0.001,1.0,1.0,1.0,0.055666325976037316,0.0016753442695416096,0.02339750132523477,0.03059348057852023,92
4,256,0.1,True,0.0003,0.001,1.0,1.0,2.0,0.07853602586934964,0.0018396862659655097,0.022936982206172414,0.026879678868378203,111
